batch_size,learning_rate,val_loss,train_loss
32,0.1,1.92036310005188,2.4650862517583936
64,0.2,1.4420098925999232,2.3495051740010577
