decay_factor,val_loss,train_loss
0.1,2.811133110863822,2.7932798397427514
0.2,1.0777340433938163,2.117764882496425
