dropout_rate,val_loss,train_loss
0.0,0.5533286670105798,1.297102008774167
0.2,0.4295480767531054,1.4600103369213286
