dropout_rate,val_loss,train_loss
0.0,0.48829409257003237,1.0333987141563779
0.2,0.36072808768068043,1.3998024881453741
