learning_rate,val_loss,train_loss
0.001,0.3668612960704735,1.4030867943082537
0.1,2.828863309587751,2.8058862234751385
