learning_rate,val_loss,train_loss
0.001,0.3523544255622796,1.401826458840143
0.1,2.818519025530134,2.804855831782023
