learning_rate,val_loss,train_loss
0.001,2.8121745905194966,2.7988340682075137
0.1,0.39289159306458066,1.3366228825705393
