num_hidden_layers,hidden_size,val_loss
0,50,1.2182984508786883
0,200,0.9719176024028233
2,50,0.842504148551396
2,200,0.661517188685281
